zone,season
Embouchure,2017-06-01T00:00:00Z
Embouchure,2017-06-01T00:00:00Z
Embouchure,2017-06-01T00:00:00Z
Embouchure,2017-06-01T00:00:00Z
Embouchure,2017-06-01T00:00:00Z
Embouchure,2017-06-01T00:00:00Z
Embouchure,2017-06-01T00:00:00Z
Embouchure,2017-06-01T00:00:00Z
Embouchure,2017-06-01T00:00:00Z
Embouchure,2017-06-01T00:00:00Z
Embouchure,2017-06-01T00:00:00Z
Embouchure,2017-06-01T00:00:00Z
Embouchure,2017-06-01T00:00:00Z
Embouchure,2017-06-01T00:00:00Z
Embouchure,2017-06-01T00:00:00Z
Embouchure,2017-06-01T00:00:00Z
Embouchure,2017-06-01T00:00:00Z
Embouchure,2017-06-01T00:00:00Z
Embouchure,2017-06-01T00:00:00Z
Embouchure,2017-06-01T00:00:00Z
Embouchure,2017-06-01T00:00:00Z
Embouchure,2017-06-01T00:00:00Z
Embouchure,2017-06-01T00:00:00Z
Embouchure,2017-06-01T00:00:00Z
Embouchure,2017-06-01T00:00:00Z
Embouchure,2017-06-01T00:00:00Z
Embouchure,2017-06-01T00:00:00Z
Embouchure,2017-06-01T00:00:00Z
Embouchure,2017-06-01T00:00:00Z
Embouchure,2017-06-01T00:00:00Z
Embouchure,2017-06-01T00:00:00Z
Embouchure,2017-06-01T00:00:00Z
Embouchure,2017-06-01T00:00:00Z
Embouchure,2017-06-01T00:00:00Z
Embouchure,2017-06-01T00:00:00Z
Embouchure,2017-06-01T00:00:00Z
Embouchure,2017-06-01T00:00:00Z
Embouchure,2017-06-01T00:00:00Z
Embouchure,2017-06-01T00:00:00Z
Embouchure,2017-06-01T00:00:00Z
Embouchure,2017-06-01T00:00:00Z
Embouchure,2017-06-01T00:00:00Z
Embouchure,2017-06-01T00:00:00Z
Embouchure,2017-06-01T00:00:00Z
Embouchure,2017-06-01T00:00:00Z
Embouchure,2017-06-01T00:00:00Z
Embouchure,2017-06-01T00:00:00Z
Embouchure,2017-06-01T00:00:00Z
Embouchure,2017-06-01T00:00:00Z
Embouchure,2017-06-01T00:00:00Z
Embouchure,2017-06-01T00:00:00Z
Embouchure,2017-06-01T00:00:00Z
Embouchure,2017-06-01T00:00:00Z
Embouchure,2017-06-01T00:00:00Z
Embouchure,2017-06-01T00:00:00Z
Embouchure,2017-06-01T00:00:00Z
Embouchure,2017-06-01T00:00:00Z
Embouchure,2017-06-01T00:00:00Z
Embouchure,2017-06-01T00:00:00Z
Embouchure,2017-06-01T00:00:00Z
Embouchure,2017-06-01T00:00:00Z
Embouchure,2017-06-01T00:00:00Z
Embouchure,2017-06-01T00:00:00Z
Embouchure,2017-06-01T00:00:00Z
Embouchure,2017-06-01T00:00:00Z
Embouchure,2017-06-01T00:00:00Z
Embouchure,2017-06-01T00:00:00Z
Embouchure,2017-06-01T00:00:00Z
Embouchure,2017-06-01T00:00:00Z
Embouchure,2017-06-01T00:00:00Z
Embouchure,2017-06-01T00:00:00Z
Embouchure,2017-06-01T00:00:00Z
Embouchure,2017-06-01T00:00:00Z
Embouchure,2017-06-01T00:00:00Z
Embouchure,2017-06-01T00:00:00Z
Embouchure,2017-06-01T00:00:00Z
Embouchure,2017-06-01T00:00:00Z
Embouchure,2017-06-01T00:00:00Z
Embouchure,2017-06-01T00:00:00Z
Embouchure,2017-06-01T00:00:00Z
Embouchure,2017-06-01T00:00:00Z
Embouchure,2017-06-01T00:00:00Z
Embouchure,2017-06-01T00:00:00Z
Embouchure,2017-06-01T00:00:00Z
Embouchure,2017-06-01T00:00:00Z
Embouchure,2017-06-01T00:00:00Z
Embouchure,2017-06-01T00:00:00Z
Embouchure,2017-06-01T00:00:00Z
Embouchure,2017-06-01T00:00:00Z
Embouchure,2017-06-01T00:00:00Z
Embouchure,2017-06-01T00:00:00Z
Embouchure,2017-06-01T00:00:00Z
Embouchure,2017-06-01T00:00:00Z
Fosse Nord,2017-06-01T00:00:00Z
Fosse Nord,2017-06-01T00:00:00Z
Fosse Nord,2017-06-01T00:00:00Z
Fosse Nord,2017-06-01T00:00:00Z
Fosse Nord,2017-06-01T00:00:00Z
Fosse Nord,2017-06-01T00:00:00Z
Fosse Nord,2017-06-01T00:00:00Z
Fosse Nord,2017-06-01T00:00:00Z
Fosse Nord,2017-06-01T00:00:00Z
Fosse Nord,2017-06-01T00:00:00Z
Fosse Nord,2017-06-01T00:00:00Z
Fosse Nord,2017-06-01T00:00:00Z
Fosse Nord,2017-06-01T00:00:00Z
Fosse Nord,2017-06-01T00:00:00Z
Fosse Nord,2017-06-01T00:00:00Z
Fosse Nord,2017-06-01T00:00:00Z
Fosse Nord,2017-06-01T00:00:00Z
Fosse Nord,2017-06-01T00:00:00Z
Fosse Nord,2017-06-01T00:00:00Z
Fosse Nord,2017-06-01T00:00:00Z
Fosse Nord,2017-06-01T00:00:00Z
Fosse Nord,2017-06-01T00:00:00Z
Fosse Nord,2017-06-01T00:00:00Z
Fosse Nord,2017-06-01T00:00:00Z
Fosse Nord,2017-06-01T00:00:00Z
Fosse Nord,2017-06-01T00:00:00Z
Fosse Nord,2017-06-01T00:00:00Z
Fosse Nord,2017-06-01T00:00:00Z
Fosse Nord,2017-06-01T00:00:00Z
Fosse Nord,2017-06-01T00:00:00Z
Fosse Nord,2017-06-01T00:00:00Z
Fosse Nord,2017-06-01T00:00:00Z
Fosse Sud,2017-06-01T00:00:00Z
Fosse Sud,2017-06-01T00:00:00Z
Fosse Sud,2017-06-01T00:00:00Z
Fosse Sud,2017-06-01T00:00:00Z
Fosse Sud,2017-06-01T00:00:00Z
Fosse Sud,2017-06-01T00:00:00Z
Fosse Sud,2017-06-01T00:00:00Z
Fosse Sud,2017-06-01T00:00:00Z
Fosse Sud,2017-06-01T00:00:00Z
Fosse Sud,2017-06-01T00:00:00Z
Fosse Sud,2017-06-01T00:00:00Z
Fosse Sud,2017-06-01T00:00:00Z
Fosse Sud,2017-06-01T00:00:00Z
Fosse Sud,2017-06-01T00:00:00Z
Fosse Sud,2017-06-01T00:00:00Z
Fosse Sud,2017-06-01T00:00:00Z
Fosse Sud,2017-06-01T00:00:00Z
Fosse Sud,2017-06-01T00:00:00Z
Fosse Sud,2017-06-01T00:00:00Z
Fosse Sud,2017-06-01T00:00:00Z
Fosse Sud,2017-06-01T00:00:00Z
Fosse Sud,2017-06-01T00:00:00Z
Fosse Sud,2017-06-01T00:00:00Z
Fosse Sud,2017-06-01T00:00:00Z
Fosse Sud,2017-06-01T00:00:00Z
Fosse Sud,2017-06-01T00:00:00Z
Fosse Sud,2017-06-01T00:00:00Z
Fosse Sud,2017-06-01T00:00:00Z
Fosse Sud,2017-06-01T00:00:00Z
Fosse Sud,2017-06-01T00:00:00Z
Fosse Sud,2017-06-01T00:00:00Z
Fosse Sud,2017-06-01T00:00:00Z
Fosse Sud,2017-06-01T00:00:00Z
Fosse Sud,2017-06-01T00:00:00Z
Fosse Sud,2017-06-01T00:00:00Z
Fosse Sud,2017-06-01T00:00:00Z
Fosse Sud,2017-06-01T00:00:00Z
Fosse Sud,2017-06-01T00:00:00Z
Fosse Sud,2017-06-01T00:00:00Z
Fosse Sud,2017-06-01T00:00:00Z
Fosse Sud,2017-06-01T00:00:00Z
Fosse Sud,2017-06-01T00:00:00Z
Fosse Sud,2017-06-01T00:00:00Z
Chenal,2017-06-01T00:00:00Z
Chenal,2017-06-01T00:00:00Z
Chenal,2017-06-01T00:00:00Z
Chenal,2017-06-01T00:00:00Z
Chenal,2017-06-01T00:00:00Z
Chenal,2017-06-01T00:00:00Z
Chenal,2017-06-01T00:00:00Z
Chenal,2017-06-01T00:00:00Z
Chenal,2017-06-01T00:00:00Z
Chenal,2017-06-01T00:00:00Z
Chenal,2017-06-01T00:00:00Z
Chenal,2017-06-01T00:00:00Z
Chenal,2017-06-01T00:00:00Z
Chenal,2017-06-01T00:00:00Z
Chenal,2017-06-01T00:00:00Z
Chenal,2017-06-01T00:00:00Z
Chenal,2017-06-01T00:00:00Z
Chenal,2017-06-01T00:00:00Z
Chenal,2017-06-01T00:00:00Z
Chenal,2017-06-01T00:00:00Z
Chenal,2017-06-01T00:00:00Z
Chenal,2017-06-01T00:00:00Z
Chenal,2017-06-01T00:00:00Z
Chenal,2017-06-01T00:00:00Z
Chenal,2017-06-01T00:00:00Z
Chenal,2017-06-01T00:00:00Z
Chenal,2017-06-01T00:00:00Z
Chenal,2017-06-01T00:00:00Z
Chenal,2017-06-01T00:00:00Z
Chenal,2017-06-01T00:00:00Z
Chenal,2017-06-01T00:00:00Z
Chenal,2017-06-01T00:00:00Z
Chenal,2017-06-01T00:00:00Z
Chenal,2017-06-01T00:00:00Z
Chenal,2017-06-01T00:00:00Z
Chenal,2017-06-01T00:00:00Z
Chenal,2017-06-01T00:00:00Z
Embouchure,2017-10-01T00:00:00Z
Embouchure,2017-10-01T00:00:00Z
Embouchure,2017-10-01T00:00:00Z
Embouchure,2017-10-01T00:00:00Z
Embouchure,2017-10-01T00:00:00Z
Embouchure,2017-10-01T00:00:00Z
Embouchure,2017-10-01T00:00:00Z
Embouchure,2017-10-01T00:00:00Z
Embouchure,2017-10-01T00:00:00Z
Embouchure,2017-10-01T00:00:00Z
Embouchure,2017-10-01T00:00:00Z
Embouchure,2017-10-01T00:00:00Z
Embouchure,2017-10-01T00:00:00Z
Embouchure,2017-10-01T00:00:00Z
Embouchure,2017-10-01T00:00:00Z
Embouchure,2017-10-01T00:00:00Z
Embouchure,2017-10-01T00:00:00Z
Embouchure,2017-10-01T00:00:00Z
Embouchure,2017-10-01T00:00:00Z
Embouchure,2017-10-01T00:00:00Z
Embouchure,2017-10-01T00:00:00Z
Embouchure,2017-10-01T00:00:00Z
Embouchure,2017-10-01T00:00:00Z
Embouchure,2017-10-01T00:00:00Z
Embouchure,2017-10-01T00:00:00Z
Embouchure,2017-10-01T00:00:00Z
Embouchure,2017-10-01T00:00:00Z
Embouchure,2017-10-01T00:00:00Z
Embouchure,2017-10-01T00:00:00Z
Embouchure,2017-10-01T00:00:00Z
Embouchure,2017-10-01T00:00:00Z
Embouchure,2017-10-01T00:00:00Z
Embouchure,2017-10-01T00:00:00Z
Fosse Nord,2017-10-01T00:00:00Z
Fosse Nord,2017-10-01T00:00:00Z
Fosse Nord,2017-10-01T00:00:00Z
Fosse Nord,2017-10-01T00:00:00Z
Fosse Nord,2017-10-01T00:00:00Z
Fosse Nord,2017-10-01T00:00:00Z
Fosse Nord,2017-10-01T00:00:00Z
Fosse Nord,2017-10-01T00:00:00Z
Fosse Nord,2017-10-01T00:00:00Z
Fosse Nord,2017-10-01T00:00:00Z
Fosse Nord,2017-10-01T00:00:00Z
Fosse Nord,2017-10-01T00:00:00Z
Fosse Nord,2017-10-01T00:00:00Z
Fosse Nord,2017-10-01T00:00:00Z
Fosse Nord,2017-10-01T00:00:00Z
Fosse Nord,2017-10-01T00:00:00Z
Fosse Nord,2017-10-01T00:00:00Z
Fosse Nord,2017-10-01T00:00:00Z
Fosse Nord,2017-10-01T00:00:00Z
Fosse Nord,2017-10-01T00:00:00Z
Fosse Nord,2017-10-01T00:00:00Z
Fosse Nord,2017-10-01T00:00:00Z
Fosse Nord,2017-10-01T00:00:00Z
Fosse Nord,2017-10-01T00:00:00Z
Fosse Nord,2017-10-01T00:00:00Z
Fosse Nord,2017-10-01T00:00:00Z
Fosse Nord,2017-10-01T00:00:00Z
Fosse Nord,2017-10-01T00:00:00Z
Fosse Nord,2017-10-01T00:00:00Z
Fosse Nord,2017-10-01T00:00:00Z
Fosse Sud,2017-10-01T00:00:00Z
Fosse Sud,2017-10-01T00:00:00Z
Fosse Sud,2017-10-01T00:00:00Z
Fosse Sud,2017-10-01T00:00:00Z
Fosse Sud,2017-10-01T00:00:00Z
Fosse Sud,2017-10-01T00:00:00Z
Fosse Sud,2017-10-01T00:00:00Z
Fosse Sud,2017-10-01T00:00:00Z
Fosse Sud,2017-10-01T00:00:00Z
Fosse Sud,2017-10-01T00:00:00Z
Fosse Sud,2017-10-01T00:00:00Z
Fosse Sud,2017-10-01T00:00:00Z
Fosse Sud,2017-10-01T00:00:00Z
Fosse Sud,2017-10-01T00:00:00Z
Fosse Sud,2017-10-01T00:00:00Z
Fosse Sud,2017-10-01T00:00:00Z
Fosse Sud,2017-10-01T00:00:00Z
Fosse Sud,2017-10-01T00:00:00Z
Fosse Sud,2017-10-01T00:00:00Z
Fosse Sud,2017-10-01T00:00:00Z
Fosse Sud,2017-10-01T00:00:00Z
Fosse Sud,2017-10-01T00:00:00Z
Fosse Sud,2017-10-01T00:00:00Z
Fosse Sud,2017-10-01T00:00:00Z
Fosse Sud,2017-10-01T00:00:00Z
Fosse Sud,2017-10-01T00:00:00Z
Fosse Sud,2017-10-01T00:00:00Z
Fosse Sud,2017-10-01T00:00:00Z
Fosse Sud,2017-10-01T00:00:00Z
Fosse Sud,2017-10-01T00:00:00Z
Fosse Sud,2017-10-01T00:00:00Z
Fosse Sud,2017-10-01T00:00:00Z
Fosse Sud,2017-10-01T00:00:00Z
Fosse Sud,2017-10-01T00:00:00Z
Fosse Sud,2017-10-01T00:00:00Z
